{"fx": 1784.49072265625, "fy": 1786.48681640625, "cx": 975.0308837890625, "cy": 598.6246337890625, "width": 1944, "height": 1200}