{"3": [{"cam_R_m2c": [[0.06708905508593307, 0.13497727993689687, -0.9885748290283989], [-0.054498854571978644, -0.9888322131083626, -0.13871095547781945], [-0.9962574634792094, 0.06318218277381049, -0.058983711666172584]], "cam_t_m2c": [-11.300192515276365, -10.017432638766953, 64.47358832804771], "obj_id": 47}, {"cam_R_m2c": [[-0.029647524062000857, 0.05020948239824748, -0.9982985686628505], [0.47927803858750684, -0.8757260983864096, -0.05827831786031415], [-0.8771622347346629, -0.4801903877445015, 0.0018988083313068033]], "cam_t_m2c": [12.516704811213454, -10.650055180353311, 64.80807088317432], "obj_id": 51}, {"cam_R_m2c": [[0.8846532031638876, -0.02104016846945624, -0.46577464662930984], [-0.4662482808991737, -0.04231725110891767, -0.8836412115882565], [-0.001118342723210601, 0.998882656556499, -0.04724603412130757]], "cam_t_m2c": [8.007137393289035, 4.196627330279022, 65.52015103012305], "obj_id": 56}]}