{
  "1": {
    "id": 1,
    "occlusion": 0.2768000066280365,
    "children": [],
    "parents": [
      {
        "id": 2,
        "depth_diff": 1.9711761474609375,
        "edge_size": 1071.0
      }
    ],
    "total_covered_edge": 0,
    "layer": 1
  },
  "2": {
    "id": 2,
    "occlusion": 0.0,
    "children": [
      {
        "id": 1,
        "depth_diff": 1.9711761474609375,
        "edge_size": 1071.0
      },
      {
        "id": 3,
        "depth_diff": 1.3874893188476562,
        "edge_size": 2112.0
      }
    ],
    "parents": [
      {
        "id": 0,
        "depth_diff": 0.0,
        "edge_size": 0.0
      }
    ],
    "total_covered_edge": 3183.0,
    "layer": 0
  },
  "3": {
    "id": 3,
    "occlusion": 0.12030000239610672,
    "children": [],
    "parents": [
      {
        "id": 2,
        "depth_diff": 1.3874893188476562,
        "edge_size": 2112.0
      }
    ],
    "total_covered_edge": 0,
    "layer": 1
  }
}