{
  "1": {
    "id": 1,
    "occlusion": 0.17010000348091125,
    "children": [],
    "parents": [
      {
        "id": 2,
        "depth_diff": 1.7478103637695312,
        "edge_size": 976.0
      }
    ],
    "total_covered_edge": 0,
    "layer": 1
  },
  "2": {
    "id": 2,
    "occlusion": 0.0,
    "children": [
      {
        "id": 1,
        "depth_diff": 1.7478103637695312,
        "edge_size": 976.0
      },
      {
        "id": 3,
        "depth_diff": 1.7208480834960938,
        "edge_size": 2567.0
      }
    ],
    "parents": [
      {
        "id": 0,
        "depth_diff": 0.0,
        "edge_size": 0.0
      }
    ],
    "total_covered_edge": 3543.0,
    "layer": 0
  },
  "3": {
    "id": 3,
    "occlusion": 0.19050000607967377,
    "children": [],
    "parents": [
      {
        "id": 2,
        "depth_diff": 1.7208480834960938,
        "edge_size": 2567.0
      }
    ],
    "total_covered_edge": 0,
    "layer": 1
  }
}