{
  "1": {
    "id": 1,
    "occlusion": 0.29269999265670776,
    "children": [],
    "parents": [
      {
        "id": 2,
        "depth_diff": 0.975982666015625,
        "edge_size": 589.0
      }
    ],
    "total_covered_edge": 0,
    "layer": 1
  },
  "2": {
    "id": 2,
    "occlusion": 0.0003000000142492354,
    "children": [
      {
        "id": 1,
        "depth_diff": 0.975982666015625,
        "edge_size": 589.0
      },
      {
        "id": 3,
        "depth_diff": 2.61468505859375,
        "edge_size": 2544.0
      }
    ],
    "parents": [
      {
        "id": 0,
        "depth_diff": 0.0,
        "edge_size": 0.0
      }
    ],
    "total_covered_edge": 3133.0,
    "layer": 0
  },
  "3": {
    "id": 3,
    "occlusion": 0.3935999870300293,
    "children": [],
    "parents": [
      {
        "id": 2,
        "depth_diff": 2.61468505859375,
        "edge_size": 2544.0
      }
    ],
    "total_covered_edge": 0,
    "layer": 1
  }
}