{
  "1": {
    "id": 1,
    "occlusion": 0.38089999556541443,
    "children": [],
    "parents": [
      {
        "id": 2,
        "depth_diff": 2.833160400390625,
        "edge_size": 936.0
      }
    ],
    "total_covered_edge": 0,
    "layer": 1
  },
  "2": {
    "id": 2,
    "occlusion": 0.0,
    "children": [
      {
        "id": 1,
        "depth_diff": 2.833160400390625,
        "edge_size": 936.0
      },
      {
        "id": 3,
        "depth_diff": 2.0431137084960938,
        "edge_size": 1824.0
      }
    ],
    "parents": [
      {
        "id": 0,
        "depth_diff": 0.0,
        "edge_size": 0.0
      }
    ],
    "total_covered_edge": 2760.0,
    "layer": 0
  },
  "3": {
    "id": 3,
    "occlusion": 0.14259999990463257,
    "children": [],
    "parents": [
      {
        "id": 2,
        "depth_diff": 2.0431137084960938,
        "edge_size": 1824.0
      }
    ],
    "total_covered_edge": 0,
    "layer": 1
  }
}