{
  "1": {
    "id": 1,
    "occlusion": 0.461899995803833,
    "children": [],
    "parents": [
      {
        "id": 2,
        "depth_diff": 2.7641754150390625,
        "edge_size": 1091.0
      }
    ],
    "total_covered_edge": 0,
    "layer": 1
  },
  "2": {
    "id": 2,
    "occlusion": 0.0,
    "children": [
      {
        "id": 1,
        "depth_diff": 2.7641754150390625,
        "edge_size": 1091.0
      },
      {
        "id": 3,
        "depth_diff": 2.1567230224609375,
        "edge_size": 2328.0
      }
    ],
    "parents": [
      {
        "id": 0,
        "depth_diff": 0.0,
        "edge_size": 0.0
      }
    ],
    "total_covered_edge": 3419.0,
    "layer": 0
  },
  "3": {
    "id": 3,
    "occlusion": 0.15790000557899475,
    "children": [],
    "parents": [
      {
        "id": 2,
        "depth_diff": 2.1567230224609375,
        "edge_size": 2328.0
      }
    ],
    "total_covered_edge": 0,
    "layer": 1
  }
}