{
  "1": {
    "id": 1,
    "occlusion": 0.5013999938964844,
    "children": [],
    "parents": [
      {
        "id": 2,
        "depth_diff": 2.4268569946289062,
        "edge_size": 996.0
      }
    ],
    "total_covered_edge": 0,
    "layer": 1
  },
  "2": {
    "id": 2,
    "occlusion": 0.0,
    "children": [
      {
        "id": 1,
        "depth_diff": 2.4268569946289062,
        "edge_size": 996.0
      },
      {
        "id": 3,
        "depth_diff": 0.713592529296875,
        "edge_size": 1238.0
      }
    ],
    "parents": [
      {
        "id": 0,
        "depth_diff": 0.0,
        "edge_size": 0.0
      }
    ],
    "total_covered_edge": 2234.0,
    "layer": 0
  },
  "3": {
    "id": 3,
    "occlusion": 0.04019999876618385,
    "children": [],
    "parents": [
      {
        "id": 2,
        "depth_diff": 0.713592529296875,
        "edge_size": 1238.0
      }
    ],
    "total_covered_edge": 0,
    "layer": 1
  }
}