{
  "1": {
    "id": 1,
    "occlusion": 0.3156999945640564,
    "children": [],
    "parents": [
      {
        "id": 2,
        "depth_diff": 2.217437744140625,
        "edge_size": 906.0
      }
    ],
    "total_covered_edge": 0,
    "layer": 1
  },
  "2": {
    "id": 2,
    "occlusion": 0.0,
    "children": [
      {
        "id": 1,
        "depth_diff": 2.217437744140625,
        "edge_size": 906.0
      },
      {
        "id": 3,
        "depth_diff": 1.4734649658203125,
        "edge_size": 1762.0
      }
    ],
    "parents": [
      {
        "id": 0,
        "depth_diff": 0.0,
        "edge_size": 0.0
      }
    ],
    "total_covered_edge": 2668.0,
    "layer": 0
  },
  "3": {
    "id": 3,
    "occlusion": 0.13109999895095825,
    "children": [],
    "parents": [
      {
        "id": 2,
        "depth_diff": 1.4734649658203125,
        "edge_size": 1762.0
      }
    ],
    "total_covered_edge": 0,
    "layer": 1
  }
}