{
  "1": {
    "id": 1,
    "occlusion": 0.16269999742507935,
    "children": [],
    "parents": [
      {
        "id": 2,
        "depth_diff": 1.756866455078125,
        "edge_size": 765.0
      }
    ],
    "total_covered_edge": 0,
    "layer": 1
  },
  "2": {
    "id": 2,
    "occlusion": 0.0,
    "children": [
      {
        "id": 1,
        "depth_diff": 1.756866455078125,
        "edge_size": 765.0
      },
      {
        "id": 3,
        "depth_diff": 1.778656005859375,
        "edge_size": 2068.0
      }
    ],
    "parents": [
      {
        "id": 0,
        "depth_diff": 0.0,
        "edge_size": 0.0
      }
    ],
    "total_covered_edge": 2833.0,
    "layer": 0
  },
  "3": {
    "id": 3,
    "occlusion": 0.19519999623298645,
    "children": [],
    "parents": [
      {
        "id": 2,
        "depth_diff": 1.778656005859375,
        "edge_size": 2068.0
      }
    ],
    "total_covered_edge": 0,
    "layer": 1
  }
}