{
  "1": {
    "id": 1,
    "occlusion": 0.10769999772310257,
    "children": [],
    "parents": [
      {
        "id": 2,
        "depth_diff": 1.5979690551757812,
        "edge_size": 538.0
      }
    ],
    "total_covered_edge": 0,
    "layer": 1
  },
  "2": {
    "id": 2,
    "occlusion": 0.0,
    "children": [
      {
        "id": 1,
        "depth_diff": 1.5979690551757812,
        "edge_size": 538.0
      },
      {
        "id": 3,
        "depth_diff": 1.8553848266601562,
        "edge_size": 1157.0
      }
    ],
    "parents": [
      {
        "id": 0,
        "depth_diff": 0.0,
        "edge_size": 0.0
      }
    ],
    "total_covered_edge": 1695.0,
    "layer": 0
  },
  "3": {
    "id": 3,
    "occlusion": 0.0982000008225441,
    "children": [],
    "parents": [
      {
        "id": 2,
        "depth_diff": 1.8553848266601562,
        "edge_size": 1157.0
      }
    ],
    "total_covered_edge": 0,
    "layer": 1
  }
}