{
  "1": {
    "id": 1,
    "occlusion": 0.36239999532699585,
    "children": [],
    "parents": [
      {
        "id": 2,
        "depth_diff": 2.8314132690429688,
        "edge_size": 772.0
      }
    ],
    "total_covered_edge": 0,
    "layer": 1
  },
  "2": {
    "id": 2,
    "occlusion": 0.0,
    "children": [
      {
        "id": 1,
        "depth_diff": 2.8314132690429688,
        "edge_size": 772.0
      },
      {
        "id": 3,
        "depth_diff": 2.1121597290039062,
        "edge_size": 1530.0
      }
    ],
    "parents": [
      {
        "id": 0,
        "depth_diff": 0.0,
        "edge_size": 0.0
      }
    ],
    "total_covered_edge": 2302.0,
    "layer": 0
  },
  "3": {
    "id": 3,
    "occlusion": 0.1451999992132187,
    "children": [],
    "parents": [
      {
        "id": 2,
        "depth_diff": 2.1121597290039062,
        "edge_size": 1530.0
      }
    ],
    "total_covered_edge": 0,
    "layer": 1
  }
}