{
  "1": {
    "id": 1,
    "occlusion": 0.2745000123977661,
    "children": [],
    "parents": [
      {
        "id": 2,
        "depth_diff": 0.9838790893554688,
        "edge_size": 752.0
      }
    ],
    "total_covered_edge": 0,
    "layer": 1
  },
  "2": {
    "id": 2,
    "occlusion": 0.0,
    "children": [
      {
        "id": 1,
        "depth_diff": 0.9838790893554688,
        "edge_size": 752.0
      },
      {
        "id": 3,
        "depth_diff": 2.5369415283203125,
        "edge_size": 3215.0
      }
    ],
    "parents": [
      {
        "id": 0,
        "depth_diff": 0.0,
        "edge_size": 0.0
      }
    ],
    "total_covered_edge": 3967.0,
    "layer": 0
  },
  "3": {
    "id": 3,
    "occlusion": 0.39259999990463257,
    "children": [],
    "parents": [
      {
        "id": 2,
        "depth_diff": 2.5369415283203125,
        "edge_size": 3215.0
      }
    ],
    "total_covered_edge": 0,
    "layer": 1
  }
}