{
  "1": {
    "id": 1,
    "occlusion": 0.19539999961853027,
    "children": [],
    "parents": [
      {
        "id": 2,
        "depth_diff": 1.4661941528320312,
        "edge_size": 565.0
      }
    ],
    "total_covered_edge": 0,
    "layer": 1
  },
  "2": {
    "id": 2,
    "occlusion": 0.0,
    "children": [
      {
        "id": 1,
        "depth_diff": 1.4661941528320312,
        "edge_size": 565.0
      },
      {
        "id": 3,
        "depth_diff": 2.1807098388671875,
        "edge_size": 1929.0
      }
    ],
    "parents": [
      {
        "id": 0,
        "depth_diff": 0.0,
        "edge_size": 0.0
      }
    ],
    "total_covered_edge": 2494.0,
    "layer": 0
  },
  "3": {
    "id": 3,
    "occlusion": 0.28859999775886536,
    "children": [],
    "parents": [
      {
        "id": 2,
        "depth_diff": 2.1807098388671875,
        "edge_size": 1929.0
      }
    ],
    "total_covered_edge": 0,
    "layer": 1
  }
}