{
  "1": {
    "id": 1,
    "occlusion": 0.4837000072002411,
    "children": [],
    "parents": [
      {
        "id": 2,
        "depth_diff": 2.4536056518554688,
        "edge_size": 816.0
      }
    ],
    "total_covered_edge": 0,
    "layer": 1
  },
  "2": {
    "id": 2,
    "occlusion": 0.0008999999845400453,
    "children": [
      {
        "id": 1,
        "depth_diff": 2.4536056518554688,
        "edge_size": 816.0
      },
      {
        "id": 3,
        "depth_diff": 0.7796401977539062,
        "edge_size": 1049.0
      }
    ],
    "parents": [
      {
        "id": 0,
        "depth_diff": 0.0,
        "edge_size": 0.0
      }
    ],
    "total_covered_edge": 1865.0,
    "layer": 0
  },
  "3": {
    "id": 3,
    "occlusion": 0.04149999842047691,
    "children": [],
    "parents": [
      {
        "id": 2,
        "depth_diff": 0.7796401977539062,
        "edge_size": 1049.0
      }
    ],
    "total_covered_edge": 0,
    "layer": 1
  }
}