{
  "1": {
    "id": 1,
    "occlusion": 0.19460000097751617,
    "children": [],
    "parents": [
      {
        "id": 2,
        "depth_diff": 1.8579864501953125,
        "edge_size": 655.0
      }
    ],
    "total_covered_edge": 0,
    "layer": 1
  },
  "2": {
    "id": 2,
    "occlusion": 0.0,
    "children": [
      {
        "id": 1,
        "depth_diff": 1.8579864501953125,
        "edge_size": 655.0
      },
      {
        "id": 3,
        "depth_diff": 1.5550613403320312,
        "edge_size": 1388.0
      }
    ],
    "parents": [
      {
        "id": 0,
        "depth_diff": 0.0,
        "edge_size": 0.0
      }
    ],
    "total_covered_edge": 2043.0,
    "layer": 0
  },
  "3": {
    "id": 3,
    "occlusion": 0.11900000274181366,
    "children": [],
    "parents": [
      {
        "id": 2,
        "depth_diff": 1.5550613403320312,
        "edge_size": 1388.0
      }
    ],
    "total_covered_edge": 0,
    "layer": 1
  }
}