{
  "1": {
    "id": 1,
    "occlusion": 0.3628000020980835,
    "children": [],
    "parents": [
      {
        "id": 2,
        "depth_diff": 2.2311859130859375,
        "edge_size": 766.0
      }
    ],
    "total_covered_edge": 0,
    "layer": 1
  },
  "2": {
    "id": 2,
    "occlusion": 0.0,
    "children": [
      {
        "id": 1,
        "depth_diff": 2.2311859130859375,
        "edge_size": 766.0
      },
      {
        "id": 3,
        "depth_diff": 1.1592178344726562,
        "edge_size": 1219.0
      }
    ],
    "parents": [
      {
        "id": 0,
        "depth_diff": 0.0,
        "edge_size": 0.0
      }
    ],
    "total_covered_edge": 1985.0,
    "layer": 0
  },
  "3": {
    "id": 3,
    "occlusion": 0.07680000364780426,
    "children": [],
    "parents": [
      {
        "id": 2,
        "depth_diff": 1.1592178344726562,
        "edge_size": 1219.0
      }
    ],
    "total_covered_edge": 0,
    "layer": 1
  }
}