{
  "1": {
    "id": 1,
    "occlusion": 0.6327999830245972,
    "children": [],
    "parents": [
      {
        "id": 2,
        "depth_diff": 2.7535781860351562,
        "edge_size": 1311.0
      },
      {
        "id": 3,
        "depth_diff": 3.2243194580078125,
        "edge_size": 185.0
      }
    ],
    "total_covered_edge": 0,
    "layer": 3
  },
  "2": {
    "id": 2,
    "occlusion": 0.005799999926239252,
    "children": [
      {
        "id": 1,
        "depth_diff": 2.7535781860351562,
        "edge_size": 1311.0
      }
    ],
    "parents": [
      {
        "id": 3,
        "depth_diff": 0.20684814453125,
        "edge_size": 1915.0
      }
    ],
    "total_covered_edge": 1311.0,
    "layer": 1
  },
  "3": {
    "id": 3,
    "occlusion": 0.016499999910593033,
    "children": [
      {
        "id": 1,
        "depth_diff": 3.2243194580078125,
        "edge_size": 185.0
      },
      {
        "id": 2,
        "depth_diff": 0.20684814453125,
        "edge_size": 1915.0
      }
    ],
    "parents": [
      {
        "id": 0,
        "depth_diff": 0.0,
        "edge_size": 0.0
      }
    ],
    "total_covered_edge": 2100.0,
    "layer": 0
  }
}