{
  "1": {
    "id": 1,
    "occlusion": 0.41110000014305115,
    "children": [],
    "parents": [
      {
        "id": 2,
        "depth_diff": 2.8349685668945312,
        "edge_size": 1189.0
      }
    ],
    "total_covered_edge": 0,
    "layer": 1
  },
  "2": {
    "id": 2,
    "occlusion": 0.0,
    "children": [
      {
        "id": 1,
        "depth_diff": 2.8349685668945312,
        "edge_size": 1189.0
      },
      {
        "id": 3,
        "depth_diff": 1.9627838134765625,
        "edge_size": 2255.0
      }
    ],
    "parents": [
      {
        "id": 0,
        "depth_diff": 0.0,
        "edge_size": 0.0
      }
    ],
    "total_covered_edge": 3444.0,
    "layer": 0
  },
  "3": {
    "id": 3,
    "occlusion": 0.1387999951839447,
    "children": [],
    "parents": [
      {
        "id": 2,
        "depth_diff": 1.9627838134765625,
        "edge_size": 2255.0
      }
    ],
    "total_covered_edge": 0,
    "layer": 1
  }
}