{
  "1": {
    "id": 1,
    "occlusion": 0.17219999432563782,
    "children": [],
    "parents": [
      {
        "id": 2,
        "depth_diff": 1.4441680908203125,
        "edge_size": 874.0
      }
    ],
    "total_covered_edge": 0,
    "layer": 1
  },
  "2": {
    "id": 2,
    "occlusion": 0.0,
    "children": [
      {
        "id": 1,
        "depth_diff": 1.4441680908203125,
        "edge_size": 874.0
      },
      {
        "id": 3,
        "depth_diff": 2.0553817749023438,
        "edge_size": 2929.0
      }
    ],
    "parents": [
      {
        "id": 0,
        "depth_diff": 0.0,
        "edge_size": 0.0
      }
    ],
    "total_covered_edge": 3803.0,
    "layer": 0
  },
  "3": {
    "id": 3,
    "occlusion": 0.28290000557899475,
    "children": [],
    "parents": [
      {
        "id": 2,
        "depth_diff": 2.0553817749023438,
        "edge_size": 2929.0
      }
    ],
    "total_covered_edge": 0,
    "layer": 1
  }
}