{
  "1": {
    "id": 1,
    "occlusion": 0.5260999798774719,
    "children": [],
    "parents": [
      {
        "id": 2,
        "depth_diff": 2.3978195190429688,
        "edge_size": 1231.0
      }
    ],
    "total_covered_edge": 0,
    "layer": 1
  },
  "2": {
    "id": 2,
    "occlusion": 0.0,
    "children": [
      {
        "id": 1,
        "depth_diff": 2.3978195190429688,
        "edge_size": 1231.0
      },
      {
        "id": 3,
        "depth_diff": 0.5758438110351562,
        "edge_size": 1516.0
      }
    ],
    "parents": [
      {
        "id": 0,
        "depth_diff": 0.0,
        "edge_size": 0.0
      }
    ],
    "total_covered_edge": 2747.0,
    "layer": 0
  },
  "3": {
    "id": 3,
    "occlusion": 0.03849999979138374,
    "children": [],
    "parents": [
      {
        "id": 2,
        "depth_diff": 0.5758438110351562,
        "edge_size": 1516.0
      }
    ],
    "total_covered_edge": 0,
    "layer": 1
  }
}