{
  "1": {
    "id": 1,
    "occlusion": 0.3386000096797943,
    "children": [],
    "parents": [
      {
        "id": 2,
        "depth_diff": 2.2030715942382812,
        "edge_size": 1146.0
      }
    ],
    "total_covered_edge": 0,
    "layer": 1
  },
  "2": {
    "id": 2,
    "occlusion": 0.0,
    "children": [
      {
        "id": 1,
        "depth_diff": 2.2030715942382812,
        "edge_size": 1146.0
      },
      {
        "id": 3,
        "depth_diff": 1.3976287841796875,
        "edge_size": 2171.0
      }
    ],
    "parents": [
      {
        "id": 0,
        "depth_diff": 0.0,
        "edge_size": 0.0
      }
    ],
    "total_covered_edge": 3317.0,
    "layer": 0
  },
  "3": {
    "id": 3,
    "occlusion": 0.12720000743865967,
    "children": [],
    "parents": [
      {
        "id": 2,
        "depth_diff": 1.3976287841796875,
        "edge_size": 2171.0
      }
    ],
    "total_covered_edge": 0,
    "layer": 1
  }
}