{"clipping_range": [1.0, 1000000.0], "focal_length": 35.0, "fx": 2004.2949249780754, "fy": 2004.2949249780754, "horizontal_aperture": 20.954999923706055, "horizontal_fov": 0.581733823962242, "resolution": {"height": 1200, "width": 1200}, "vertical_aperture": 20.954999923706055, "vertical_fov": 0.581733823962242}